City_ID,City,Lat,Lng,Max Temp,Humidity,Cloudiness,Wind Speed,Country,Current Description
0,Khor,47.8861,134.9464,69.28,85,99,1.19,RU,overcast clouds
1,Roald,62.5833,6.1333,54.16,93,100,11.5,NO,light rain
2,Zhuhai,22.2769,113.5678,96.85,74,40,14.97,CN,scattered clouds
3,Asau,46.4333,26.4,54.52,59,0,4.72,RO,clear sky
4,Punta Arenas,-53.15,-70.9167,30.31,86,75,6.91,CL,broken clouds
5,Alice Springs,-23.7,133.8833,71.15,9,1,3.44,AU,clear sky
6,Viet Tri,21.3019,105.4308,91.35,71,99,0.43,VN,overcast clouds
7,Luba,3.4568,8.5547,73.29,86,92,6.33,GQ,light rain
8,Puerto Ayora,-0.7393,-90.3518,68.56,93,29,3.0,EC,scattered clouds
9,Kavaratti,10.5669,72.642,82.04,79,87,18.19,IN,overcast clouds
10,Cape Town,-33.9258,18.4232,64.27,52,0,5.75,ZA,clear sky
11,Ushuaia,-54.8,-68.3,37.06,70,40,2.3,AR,scattered clouds
12,Hilo,19.7297,-155.09,83.28,94,100,5.99,US,moderate rain
13,Qaanaaq,77.484,-69.3632,50.18,68,15,3.44,GL,few clouds
14,Quatre Cocos,-20.2078,57.7625,69.91,63,26,15.03,MU,scattered clouds
15,Paamiut,61.994,-49.6678,41.56,83,94,10.42,GL,overcast clouds
16,Nikolskoye,59.7035,30.7861,53.8,82,68,4.72,RU,broken clouds
17,New Norfolk,-42.7826,147.0587,51.93,78,69,5.99,AU,light rain
18,Suntar,62.1444,117.6319,68.4,62,100,5.14,RU,overcast clouds
19,Atbasar,51.8,68.3333,69.82,69,82,15.84,KZ,broken clouds
20,Albany,42.6001,-73.9662,73.81,79,82,1.01,US,broken clouds
21,Matara,5.9485,80.5353,81.91,76,98,10.45,LK,overcast clouds
22,Kuah,6.3265,99.8432,87.78,74,20,3.44,MY,few clouds
23,Kaitangata,-46.2817,169.8464,49.3,68,100,3.53,NZ,overcast clouds
24,Torbay,47.6666,-52.7314,60.89,75,20,11.5,CA,few clouds
25,Baiao,-2.7906,-49.6717,76.35,74,48,3.36,BR,scattered clouds
26,Faya,18.3851,42.4509,62.71,35,32,4.92,SA,scattered clouds
27,Rikitea,-23.1203,-134.9692,73.42,72,100,14.16,PF,overcast clouds
28,Kununurra,-15.7667,128.7333,82.38,18,76,8.05,AU,broken clouds
29,Bethel,41.3712,-73.414,72.45,88,0,0.0,US,clear sky
30,Severo-Kurilsk,50.6789,156.125,56.05,90,95,1.01,RU,overcast clouds
31,Port Alfred,-33.5906,26.891,66.2,39,9,11.43,ZA,clear sky
32,Port Augusta,-32.5,137.7667,61.99,47,100,13.78,AU,overcast clouds
33,Jamestown,42.097,-79.2353,67.64,72,0,1.01,US,clear sky
34,Yellowknife,62.456,-114.3525,66.72,77,75,11.99,CA,broken clouds
35,Yerbogachen,61.2767,108.0108,70.81,43,35,3.22,RU,scattered clouds
36,Longyearbyen,78.2186,15.6401,51.64,71,0,2.3,SJ,clear sky
37,Bandarbeyla,9.4942,50.8122,80.06,58,27,27.78,SO,scattered clouds
38,Lorengau,-2.0226,147.2712,85.57,68,15,10.92,PG,few clouds
39,Port Blair,11.6667,92.75,82.44,83,75,5.75,IN,light rain
40,Fortuna,40.5982,-124.1573,61.99,81,22,5.99,US,few clouds
41,Mariental,-24.6333,17.9667,50.45,42,0,12.48,NA,clear sky
42,Hobyo,5.3505,48.5268,76.05,73,100,28.41,SO,overcast clouds
43,Bredasdorp,-34.5322,20.0403,59.97,33,7,7.72,ZA,clear sky
44,Lyuban,52.7985,28.0048,51.06,96,100,4.21,BY,overcast clouds
45,La Ronge,55.1001,-105.2842,73.62,73,40,3.44,CA,scattered clouds
46,Atuona,-9.8,-139.0333,77.77,72,67,14.36,PF,broken clouds
47,Port Hedland,-20.3167,118.5667,82.45,15,1,8.05,AU,clear sky
48,Airai,-8.9266,125.4092,67.55,62,78,3.6,TL,broken clouds
49,Mitsamiouli,-11.3847,43.2844,68.29,77,20,5.75,KM,few clouds
50,Upernavik,72.7868,-56.1549,41.88,92,100,11.1,GL,overcast clouds
51,Bluff,-46.6,168.3333,52.81,74,97,19.26,NZ,overcast clouds
52,Cockburn Town,21.4612,-71.1419,81.93,86,3,22.88,TC,clear sky
53,Banjarmasin,-3.3244,114.591,75.34,91,100,6.96,ID,overcast clouds
54,Nishihara,26.1842,127.7558,89.65,81,100,16.11,JP,overcast clouds
55,Linxia,35.6003,103.2064,62.87,63,97,1.86,CN,overcast clouds
56,Tasiilaq,65.6145,-37.6368,44.76,69,96,3.6,GL,overcast clouds
57,Lebu,-37.6167,-73.65,47.34,86,100,24.29,CL,light rain
58,Souillac,-20.5167,57.5167,70.18,73,40,11.5,MU,scattered clouds
59,Provideniya,64.3833,-173.3,56.14,54,56,7.7,RU,broken clouds
60,Magaria,12.9983,8.9099,78.91,71,89,9.33,NE,overcast clouds
61,Menongue,-14.6585,17.691,45.64,64,2,5.17,AO,clear sky
62,Sao Joao Da Barra,-21.6403,-41.0511,69.98,85,60,15.12,BR,broken clouds
63,Sitangkai,4.6628,119.3928,81.55,75,100,9.33,PH,overcast clouds
64,Requena,39.4883,-1.1004,68.79,36,0,2.91,ES,clear sky
65,Luderitz,-26.6481,15.1594,67.89,29,0,8.41,NA,clear sky
66,San Diego De Los Banos,22.6467,-83.3697,74.93,89,25,1.5,CU,scattered clouds
67,Bambous Virieux,-20.3428,57.7575,70.05,73,40,11.5,MU,scattered clouds
68,Kerema,-7.9631,145.7785,82.27,71,68,8.16,PG,broken clouds
69,Port Hardy,50.6996,-127.4199,57.38,94,75,4.61,CA,broken clouds
70,Chuy,-33.6971,-53.4616,46.98,90,100,19.06,UY,light rain
71,Kapaa,22.0752,-159.319,84.18,80,100,17.27,US,overcast clouds
72,Walvis Bay,-22.9575,14.5053,61.09,37,0,8.28,NA,clear sky
73,Mar Del Plata,-38.0023,-57.5575,45.09,74,75,10.36,AR,broken clouds
74,Panzhihua,26.5851,101.7128,86.86,57,91,3.02,CN,overcast clouds
75,Saint George,37.1041,-113.5841,102.79,17,0,6.91,US,clear sky
76,Pevek,69.7008,170.3133,34.77,98,100,12.17,RU,snow
77,Busselton,-33.65,115.3333,58.86,68,100,14.14,AU,light rain
78,Magadan,59.5667,150.8,74.53,88,94,9.55,RU,overcast clouds
79,Lisakovsk,52.5369,62.4936,69.06,69,37,13.35,KZ,scattered clouds
80,Carnarvon,-24.8667,113.6333,71.06,42,80,1.83,AU,broken clouds
81,Zalantun,48.0,122.7167,74.19,75,75,9.66,CN,broken clouds
82,Vaini,-21.2,-175.2,80.76,89,40,5.75,TO,scattered clouds
83,Raga,8.4596,25.678,66.74,97,42,3.36,SS,light rain
84,Mataura,-46.1927,168.8643,52.48,73,97,3.91,NZ,overcast clouds
85,Axim,4.8699,-2.2405,75.06,83,100,9.91,GH,overcast clouds
86,Barrow,71.2906,-156.7887,39.22,87,100,17.27,US,overcast clouds
87,Mujiayingzi,42.1167,118.7833,70.68,72,94,3.15,CN,overcast clouds
88,Itarema,-2.9248,-39.9167,78.64,79,8,16.22,BR,clear sky
89,Te Anau,-45.4167,167.7167,43.29,97,100,6.38,NZ,moderate rain
90,Rawson,-43.3002,-65.1023,38.55,59,41,11.43,AR,scattered clouds
91,Laguna,38.421,-121.4238,96.94,18,0,6.91,US,clear sky
92,Butaritari,3.0707,172.7902,80.78,78,98,8.05,KI,moderate rain
93,Alamosa,37.4695,-105.87,67.98,49,20,5.75,US,few clouds
94,Hobart,-42.8794,147.3294,52.27,67,40,17.27,AU,light rain
95,Brae,60.3964,-1.353,54.82,96,95,18.43,GB,overcast clouds
96,Saint-Philippe,-21.3585,55.7679,65.79,80,36,12.77,RE,light rain
97,Ucluelet,48.9329,-125.5528,59.09,86,33,8.99,CA,scattered clouds
98,Tanabe,33.7333,135.3667,87.01,62,75,10.36,JP,broken clouds
99,Vega De Alatorre,20.0333,-96.6333,78.94,84,27,7.54,MX,scattered clouds
100,Lompoc,34.6391,-120.4579,74.01,90,0,9.22,US,fog
101,Chinsali,-10.5414,32.0816,52.36,78,8,10.22,ZM,clear sky
102,Dunedin,-45.8742,170.5036,51.8,49,100,5.01,NZ,overcast clouds
103,Kahului,20.8947,-156.47,84.22,71,40,29.93,US,scattered clouds
104,Lyskovo,56.0328,45.0422,65.89,80,90,5.84,RU,overcast clouds
105,Maceio,-9.6658,-35.7353,74.64,88,100,3.44,BR,overcast clouds
106,Labuhan,-6.8844,112.2051,85.77,65,89,8.61,ID,light rain
107,Safford,32.834,-109.7076,90.52,37,0,14.97,US,clear sky
108,San Cristobal,7.7669,-72.225,71.78,96,31,2.13,VE,scattered clouds
109,Lavrentiya,65.5833,-171.0,53.47,66,75,10.76,RU,broken clouds
110,Genhe,50.7833,121.5167,68.79,88,99,3.98,CN,overcast clouds
111,Tuktoyaktuk,69.4541,-133.0374,60.8,67,100,5.75,CA,overcast clouds
112,Teya,60.3778,92.6267,67.26,42,84,4.32,RU,broken clouds
113,Hithadhoo,-0.6,73.0833,84.67,70,27,15.48,MV,scattered clouds
114,Tuatapere,-46.1333,167.6833,47.16,89,89,8.99,NZ,light rain
115,Kurilsk,45.2333,147.8833,57.47,93,100,13.47,RU,heavy intensity rain
116,Georgetown,5.4112,100.3354,89.53,74,20,4.61,MY,haze
117,Campoverde,-8.4753,-74.8058,78.49,98,49,1.74,PE,heavy intensity rain
118,Evensk,61.95,159.2333,53.17,95,100,7.74,RU,overcast clouds
119,Sechura,-5.5569,-80.8222,62.51,79,0,13.24,PE,clear sky
120,Bengkulu,-3.8004,102.2655,84.78,64,82,4.27,ID,broken clouds
121,Sedhiou,12.7081,-15.5569,76.95,95,95,5.17,SN,overcast clouds
122,Thompson,55.7435,-97.8558,68.16,88,100,2.3,CA,overcast clouds
123,Kalaleh,37.3807,55.4916,82.0,65,0,4.61,IR,clear sky
124,Korla,41.7597,86.1469,84.61,28,35,2.75,CN,scattered clouds
125,Cidreira,-30.1811,-50.2056,56.35,79,69,25.88,BR,broken clouds
126,Ahipara,-35.1667,173.1667,57.42,62,29,4.83,NZ,scattered clouds
127,Nanortalik,60.1432,-45.2371,41.0,85,13,6.2,GL,few clouds
128,Pisco,-13.7,-76.2167,59.02,88,12,5.75,PE,mist
129,Sola,-13.8833,167.55,83.07,74,75,11.5,VU,broken clouds
130,Pontes E Lacerda,-15.2261,-59.3353,74.62,62,93,2.8,BR,overcast clouds
131,Havre-Saint-Pierre,50.2334,-63.5986,55.76,94,75,3.44,CA,broken clouds
132,Port Lincoln,-34.7333,135.8667,56.5,73,47,21.18,AU,scattered clouds
133,Faanui,-16.4833,-151.75,77.59,59,56,19.93,PF,broken clouds
134,Los Llanos De Aridane,28.6585,-17.9182,65.95,95,75,17.27,ES,broken clouds
135,Kodiak,57.79,-152.4072,56.71,88,100,3.44,US,overcast clouds
136,Tessalit,20.1986,1.0114,86.77,44,85,17.56,ML,overcast clouds
137,Caucaia,-3.7361,-38.6531,80.55,75,75,13.8,BR,broken clouds
138,Narsaq,60.9167,-46.05,46.62,84,68,3.31,GL,broken clouds
139,Iqaluit,63.7506,-68.5145,55.13,76,75,6.91,CA,broken clouds
140,Fredericksburg,38.3032,-77.4605,73.31,85,75,1.01,US,broken clouds
141,Alpena,45.0617,-83.4327,66.11,97,0,0.0,US,clear sky
142,Uruzgan,32.8333,66.0,84.54,25,0,1.7,AF,clear sky
143,Campos,-21.75,-41.3,65.95,91,100,6.11,BR,overcast clouds
144,Cap-Aux-Meules,47.3821,-61.8597,68.02,68,74,11.5,CA,broken clouds
145,Cobija,-11.0267,-68.7692,73.6,87,36,2.59,BO,scattered clouds
146,Ribeira Grande,38.5167,-28.7,70.56,92,8,6.42,PT,clear sky
147,Vila,42.0304,-8.1588,63.48,51,15,3.06,PT,few clouds
148,Sechelt,49.4664,-123.7694,66.15,76,3,1.45,CA,clear sky
149,Sorland,67.667,12.6934,49.86,81,100,9.17,NO,overcast clouds
150,Cabo San Lucas,22.8909,-109.9124,83.5,49,2,5.01,MX,clear sky
151,Marsh Harbour,26.5412,-77.0636,82.27,80,22,14.09,BS,few clouds
152,Oranjemund,-28.55,16.4333,66.45,29,5,8.68,NA,clear sky
153,Filadelfia,39.9523,-75.1638,75.45,86,100,6.91,US,light rain
154,Smiltene,57.4244,25.9016,48.54,85,29,5.44,LV,scattered clouds
155,Hualmay,-11.0964,-77.6139,60.44,84,27,10.38,PE,scattered clouds
156,Henties Bay,-22.116,14.2845,70.74,32,0,19.1,NA,clear sky
157,Srednekolymsk,67.45,153.6833,63.63,42,59,23.2,RU,broken clouds
158,Aklavik,68.2191,-135.0107,58.93,73,99,6.98,CA,overcast clouds
159,Dongsheng,39.8161,109.9776,76.46,25,71,16.53,CN,broken clouds
160,Oxford,51.7522,-1.256,62.78,80,20,1.14,GB,few clouds
161,Pampa,35.5362,-100.9599,92.35,29,0,12.66,US,clear sky
162,Shelburne,44.0787,-80.2041,63.39,63,86,2.55,CA,overcast clouds
163,Victoria,22.2855,114.1577,91.96,79,100,13.0,HK,overcast clouds
164,Pacific Grove,36.6177,-121.9166,64.81,86,40,10.36,US,scattered clouds
165,Bilibino,68.0546,166.4372,48.72,71,100,21.97,RU,overcast clouds
166,East London,-33.0153,27.9116,59.94,47,0,3.44,ZA,clear sky
167,Baghdad,33.3406,44.4009,84.11,24,0,12.66,IQ,clear sky
168,Berlevag,70.8578,29.0864,53.4,87,100,16.11,NO,light intensity drizzle
169,Shellbrook,53.2168,-106.4011,78.03,82,0,9.31,CA,clear sky
170,Heishan,41.6892,122.1128,80.8,61,33,3.06,CN,scattered clouds
171,Acajutla,13.5928,-89.8275,79.25,81,99,4.88,SV,overcast clouds
172,Shu,43.5983,73.7614,91.35,14,0,3.89,KZ,clear sky
173,Osa,57.2829,55.4567,68.81,71,0,3.89,RU,clear sky
174,Kruisfontein,-34.0033,24.7314,61.84,29,11,11.86,ZA,few clouds
175,Katsuura,35.1333,140.3,78.82,83,40,16.91,JP,scattered clouds
176,Barraute,48.4335,-77.6328,62.87,95,59,3.53,CA,broken clouds
177,Mareeba,-17.0,145.4333,75.43,68,26,6.89,AU,scattered clouds
178,Rostock,54.0887,12.1405,57.92,74,65,11.72,DE,broken clouds
179,Noumea,-22.2763,166.4572,75.18,99,65,16.82,NC,broken clouds
180,Svetlogorsk,52.6333,29.7333,54.1,90,77,4.85,BY,broken clouds
181,Iquique,-20.2208,-70.1431,53.64,74,5,4.59,CL,clear sky
182,Geraldton,-28.7667,114.6,63.01,67,100,17.27,AU,overcast clouds
183,Tiksi,71.6872,128.8694,38.93,84,86,8.43,RU,overcast clouds
184,Springbok,-29.6643,17.8865,54.3,34,2,8.79,ZA,clear sky
185,Monrovia,6.3005,-10.7969,76.12,85,100,11.12,LR,light rain
186,Khatanga,71.9667,102.5,67.53,42,29,5.5,RU,scattered clouds
187,Tongren,27.7172,109.1853,94.41,57,91,6.53,CN,overcast clouds
188,Tadine,-21.55,167.8833,71.55,61,63,19.08,NC,broken clouds
189,Yulara,-25.2406,130.9889,68.99,12,1,6.46,AU,clear sky
190,Honningsvag,70.9821,25.9704,51.55,87,100,16.11,NO,light rain
191,Hermanus,-34.4187,19.2345,61.41,51,2,4.56,ZA,clear sky
192,Bac Lieu,9.285,105.7244,85.68,71,24,12.15,VN,few clouds
193,Almora,29.6167,79.6667,78.64,65,14,1.57,IN,few clouds
194,Baykit,61.67,96.37,57.25,85,100,2.42,RU,light rain
195,Praia Da Vitoria,38.7333,-27.0667,71.85,83,75,6.22,PT,broken clouds
196,El Retorno,2.3302,-72.6276,72.25,98,47,1.72,CO,scattered clouds
197,Rantepao,-2.9701,119.8978,80.01,67,67,3.65,ID,broken clouds
198,Caravelas,-17.7125,-39.2481,69.08,93,3,4.18,BR,clear sky
199,Salalah,17.0151,54.0924,77.09,100,100,5.75,OM,light intensity drizzle
200,Porto Novo,6.4965,2.6036,75.0,88,100,6.96,BJ,light rain
201,Boyolangu,-8.1181,111.8935,81.39,74,79,10.8,ID,broken clouds
202,Loubomo,-4.1997,12.6739,65.77,90,45,3.6,CG,scattered clouds
203,Kirakira,-10.4544,161.9205,84.49,70,21,13.02,SB,few clouds
204,Leshukonskoye,64.8989,45.7622,64.6,62,1,5.79,RU,clear sky
205,Tautira,-17.7333,-149.15,75.33,75,68,23.53,PF,light rain
206,Avarua,-21.2078,-159.775,77.05,69,20,12.66,CK,few clouds
207,Edson,53.5835,-116.4356,64.54,72,20,4.61,CA,few clouds
208,Ponnani,10.767,75.9252,76.32,83,97,6.89,IN,overcast clouds
209,Isangel,-19.55,169.2667,77.11,69,75,13.8,VU,broken clouds
210,Nanakuli,21.3906,-158.1547,82.35,73,100,9.22,US,overcast clouds
211,Sangar,63.9242,127.4739,79.03,63,43,7.47,RU,light rain
212,Awjilah,29.1081,21.2869,74.07,60,0,7.94,LY,clear sky
213,Constitucion,-35.3333,-72.4167,46.36,79,99,4.07,CL,overcast clouds
214,Tecoanapa,16.5167,-98.75,77.11,89,100,5.68,MX,overcast clouds
215,Sakakah,29.9697,40.2064,81.97,21,2,4.18,SA,clear sky
216,Lensk,60.7253,114.9278,57.49,96,100,2.93,RU,light rain
217,Dikson,73.5069,80.5464,45.93,71,67,8.41,RU,broken clouds
218,Batagay,67.6333,134.6333,55.33,68,100,3.76,RU,overcast clouds
219,Cherskiy,68.75,161.3,43.18,85,99,18.95,RU,light rain
220,Humberto De Campos,-2.5983,-43.4611,75.47,92,86,4.09,BR,overcast clouds
221,Norman Wells,65.282,-126.8329,68.04,60,75,13.8,CA,broken clouds
222,Esperance,-33.8667,121.9,58.95,65,49,6.89,AU,scattered clouds
223,Kawalu,-7.3817,108.2082,76.68,89,99,3.71,ID,overcast clouds
224,Chokurdakh,70.6333,147.9167,47.28,43,47,19.26,RU,scattered clouds
225,Esso,55.9333,158.7,76.73,49,3,8.46,RU,clear sky
226,Saskylakh,71.9167,114.0833,60.66,53,92,13.42,RU,overcast clouds
227,Hay River,60.8156,-115.7999,69.78,60,7,5.75,CA,clear sky
228,Khandyga,62.6667,135.6,86.22,49,92,4.47,RU,overcast clouds
229,Mandalgovi,45.7625,106.2708,72.7,27,77,6.15,MN,broken clouds
230,Mozarlandia,-14.7447,-50.5706,73.67,41,9,2.95,BR,clear sky
231,Katherine,-14.4667,132.2667,77.32,36,77,13.8,AU,broken clouds
232,Aksu,41.1231,80.2644,86.49,25,0,6.06,CN,clear sky
233,Flin Flon,54.7682,-101.865,62.85,95,71,9.57,CA,broken clouds
234,Mecca,21.4267,39.8261,85.19,33,75,5.86,SA,broken clouds
235,Newport,51.5877,-2.9984,64.69,78,83,3.36,GB,broken clouds
236,Paris,48.8534,2.3488,67.14,62,0,8.05,FR,clear sky
237,Karaton,-6.3424,106.1045,86.23,65,92,2.8,ID,overcast clouds
238,Bathsheba,13.2167,-59.5167,81.21,96,75,17.27,BB,broken clouds
239,Idrinskoye,54.3708,92.1358,69.1,62,29,7.47,RU,scattered clouds
240,Port Keats,-14.25,129.55,83.86,29,92,3.38,AU,overcast clouds
241,Vila Franca Do Campo,37.7167,-25.4333,72.19,94,22,6.04,PT,few clouds
242,Hibbing,47.4272,-92.9377,72.75,51,0,0.0,US,clear sky
243,Tabas,33.5959,56.9244,90.18,9,0,2.1,IR,clear sky
244,Polis,35.0367,32.4264,75.02,52,0,2.15,CY,clear sky
245,Blumberg,47.8406,8.5333,57.7,71,2,4.88,DE,clear sky
246,Micheweni,-4.9667,39.8333,73.98,80,29,11.56,TZ,scattered clouds
247,Komsomolskiy,40.4272,71.7189,86.72,26,0,4.61,UZ,clear sky
248,Sisimiut,66.9395,-53.6735,41.23,87,100,2.91,GL,overcast clouds
249,Kafue,-15.7691,28.1814,49.17,69,0,4.94,ZM,clear sky
250,Broome,42.2506,-75.833,70.0,83,72,4.0,US,broken clouds
251,Jinotega,13.0917,-86.0018,64.09,95,43,4.85,NI,scattered clouds
252,Ukiah,39.1502,-123.2078,87.69,23,0,9.22,US,clear sky
253,Lagoa,39.05,-27.9833,69.62,88,75,7.63,PT,broken clouds
254,Adrar,20.5022,-10.0711,89.01,14,2,9.31,MR,clear sky
255,Vao,-22.6667,167.4833,69.82,61,51,24.05,NC,broken clouds
256,Parrita,9.5201,-84.3225,77.76,87,39,2.59,CR,scattered clouds
257,Dalby,-27.1833,151.2667,71.98,24,0,3.0,AU,clear sky
258,Northam,51.0333,-4.2167,59.61,75,17,9.53,GB,few clouds
259,Clonakilty,51.6231,-8.8706,61.09,89,93,7.2,IE,overcast clouds
260,Saint-Georges,12.0564,-61.7485,78.48,89,40,17.27,GD,scattered clouds
261,Guerrero Negro,27.9769,-114.0611,67.28,85,4,13.22,MX,clear sky
262,Chaibasa,22.5667,85.8167,80.47,89,86,11.03,IN,overcast clouds
263,Estevan,49.1334,-102.9842,78.22,83,20,6.91,CA,few clouds
264,Vagur,61.4732,-6.8119,51.4,85,80,22.84,FO,broken clouds
265,Yinchuan,38.4681,106.2731,86.11,19,90,5.26,CN,overcast clouds
266,Bontang,0.1333,117.5,84.16,69,100,8.28,ID,heavy intensity rain
267,Sajanan,37.0573,9.2426,65.32,54,0,3.02,TN,clear sky
268,Puli,23.9664,120.9695,92.35,65,99,5.14,TW,overcast clouds
269,Yar-Sale,66.8333,70.8333,66.56,50,36,8.39,RU,scattered clouds
270,Hasaki,35.7333,140.8333,82.29,90,49,19.93,JP,scattered clouds
271,Fort Nelson,58.8053,-122.7002,74.79,50,40,3.44,CA,scattered clouds
272,Rio Gallegos,-51.6226,-69.2181,33.85,69,0,14.97,AR,clear sky
273,Yuancheng,36.652,107.7896,72.41,47,99,3.89,CN,overcast clouds
274,Kokopo,-4.352,152.2633,85.82,62,85,10.25,PG,light rain
275,Boyarka,50.3191,30.2973,62.15,81,98,5.84,UA,overcast clouds
276,Rocha,-34.4833,-54.3333,46.36,84,100,18.77,UY,overcast clouds
277,Vaitape,-16.5167,-151.75,77.74,64,39,20.4,PF,scattered clouds
278,Tarnogskiy Gorodok,60.4997,43.5761,61.72,69,17,3.11,RU,few clouds
279,Richards Bay,-28.783,32.0377,59.47,91,14,6.55,ZA,few clouds
280,Kuching,1.55,110.3333,80.82,83,20,3.44,MY,few clouds
281,Banjar,-8.19,114.9675,85.91,66,26,1.59,ID,scattered clouds
282,Chase,50.8165,-119.6857,64.04,77,67,3.71,CA,broken clouds
283,Zhongxing,33.7039,118.6792,84.42,80,93,3.04,CN,overcast clouds
284,Aquiraz,-3.9014,-38.3911,80.69,81,19,13.71,BR,few clouds
285,Leningradskiy,69.3833,178.4167,40.91,86,100,7.54,RU,light rain
286,San Borja,-14.8167,-66.85,70.75,97,67,2.57,BO,broken clouds
287,Castro,-24.7911,-50.0119,63.32,84,100,7.7,BR,overcast clouds
288,Grand-Santi,4.25,-54.3833,73.08,97,88,1.88,GF,overcast clouds
289,Le Port,-20.9373,55.2919,66.25,76,16,6.2,RE,few clouds
290,Dwarka,22.2394,68.9678,82.98,82,23,24.81,IN,few clouds
291,Tateyama,34.9833,139.8667,79.11,89,75,6.91,JP,light rain
292,Saint-Francois,46.4154,3.9054,51.24,93,0,2.3,FR,clear sky
293,Coahuayana,18.7333,-103.6833,76.66,90,100,3.76,MX,overcast clouds
294,Pangnirtung,66.1451,-65.7125,48.15,66,97,2.01,CA,overcast clouds
295,Ponta Do Sol,32.6667,-17.1,68.72,75,29,6.76,PT,scattered clouds
296,Lata,40.1629,-8.3327,60.87,80,61,1.9,PT,broken clouds
297,Mahmudia,45.0833,29.0833,66.4,62,1,11.14,RO,clear sky
298,Haicheng,40.8516,122.7475,79.18,78,65,4.38,CN,broken clouds
299,Bealanana,-14.55,48.7333,54.86,89,85,4.5,MG,overcast clouds
300,Bonthe,7.5264,-12.505,75.63,90,68,6.06,SL,moderate rain
301,Erzin,36.9559,36.2,75.6,78,13,1.83,TR,few clouds
302,Ghogha,21.6833,72.2833,86.11,79,40,9.22,IN,haze
303,Ingham,42.6,-84.3833,71.78,91,100,4.61,US,overcast clouds
304,Buala,-8.145,159.5921,84.02,71,89,9.42,SB,light rain
305,Sicamous,50.8331,-118.9856,69.85,59,49,0.92,CA,scattered clouds
306,Safranbolu,41.2508,32.6942,63.61,84,1,2.04,TR,clear sky
307,Waipawa,-41.4122,175.5153,49.87,68,4,19.84,NZ,clear sky
308,Holly Hill,29.2436,-81.0376,79.02,94,75,3.44,US,broken clouds
309,Itoman,26.1247,127.6694,90.37,82,75,10.36,JP,broken clouds
310,Biabou,13.2,-61.1333,80.15,84,99,18.12,VC,overcast clouds
311,Manta,-0.95,-80.7333,69.58,88,100,4.61,EC,overcast clouds
312,Mahebourg,-20.4081,57.7,70.09,73,40,11.5,MU,scattered clouds
313,Teahupoo,-17.8333,-149.2667,74.53,76,76,23.6,PF,light rain
314,Samarai,-10.6167,150.6667,79.93,84,78,16.06,PG,broken clouds
315,Kantunilkin,21.0917,-87.45,74.23,89,23,2.35,MX,few clouds
316,Qasigiannguit,68.8193,-51.1922,46.65,93,46,2.08,GL,scattered clouds
317,Fairbanks,64.8378,-147.7164,68.34,73,75,4.61,US,broken clouds
318,Mount Isa,-20.7333,139.5,76.77,31,0,5.75,AU,clear sky
319,Mahon,39.8885,4.2658,73.96,83,0,3.44,ES,clear sky
320,Tabasalu,59.4303,24.5331,57.69,94,75,12.66,EE,broken clouds
321,Kuala Terengganu,5.3302,103.1408,87.75,79,40,5.99,MY,scattered clouds
322,Flinders,-34.5833,150.8552,70.18,36,0,8.99,AU,clear sky
323,Puerto Baquerizo Moreno,-0.9,-89.6,69.37,79,60,13.89,EC,broken clouds
324,Cayenne,4.9333,-52.3333,81.09,1,0,2.3,GF,clear sky
325,Muros,42.7762,-9.0603,65.16,91,29,2.33,ES,scattered clouds
326,Ploemeur,47.7333,-3.4333,71.82,56,0,10.36,FR,clear sky
327,Necochea,-38.5473,-58.7368,39.34,69,21,13.18,AR,few clouds
328,Kabinda,-6.1333,24.4833,70.39,41,84,5.12,CD,broken clouds
329,Ikongo,-21.8833,47.4333,61.11,96,94,1.97,MG,light rain
330,Lantawan,10.6167,123.9833,83.89,69,99,2.48,PH,overcast clouds
331,Lalmohan,22.3384,90.7419,86.07,76,76,22.06,BD,broken clouds
332,Esna,25.2934,32.554,78.82,31,12,8.81,EG,few clouds
333,Vila Velha,-20.3297,-40.2925,73.35,90,75,4.61,BR,broken clouds
334,Kavieng,-2.5744,150.7967,83.8,73,18,14.2,PG,few clouds
335,Mangrol,21.1167,70.1167,82.98,81,45,18.97,IN,scattered clouds
336,Mendota,36.7536,-120.3816,95.27,19,0,10.45,US,clear sky
337,Birao,10.2849,22.7882,69.6,95,81,4.12,CF,light rain
338,Cururupu,-1.8283,-44.8683,74.39,93,75,1.61,BR,broken clouds
339,Skibbereen,51.55,-9.2667,64.11,93,99,7.18,IE,overcast clouds
340,Ojinaga,29.5667,-104.4167,93.42,35,0,10.36,MX,clear sky
341,Coquimbo,-29.9533,-71.3436,49.73,76,0,9.22,CL,clear sky
342,Conceicao Da Barra,-18.5933,-39.7322,68.99,95,53,5.06,BR,broken clouds
343,Tongchuan,35.0806,109.0897,82.94,38,71,10.0,CN,broken clouds
344,Dillon,34.4166,-79.3712,75.18,92,52,6.38,US,broken clouds
345,Jalu,29.0331,21.5482,74.41,58,0,7.78,LY,clear sky
346,Mount Gambier,-37.8333,140.7667,48.45,74,97,13.11,AU,overcast clouds
347,Kushiro,42.975,144.3747,63.55,100,75,9.22,JP,shower rain
348,Quelimane,-17.8786,36.8883,62.55,94,40,8.05,MZ,scattered clouds
349,Amberley,39.2048,-84.428,79.36,75,20,0.0,US,few clouds
350,Westport,41.1415,-73.3579,74.79,93,40,3.44,US,scattered clouds
351,College,64.8569,-147.8028,68.32,74,75,4.61,US,broken clouds
352,Nhulunbuy,-12.2333,136.7667,79.41,65,75,16.11,AU,broken clouds
353,Manokwari,-0.8667,134.0833,78.64,84,100,7.45,ID,moderate rain
354,Galle,6.0367,80.217,81.81,77,84,10.87,LK,broken clouds
355,Areosa,41.7178,-8.8571,64.92,83,28,1.72,PT,scattered clouds
356,Indramayu,-6.3264,108.32,82.65,72,100,8.12,ID,overcast clouds
357,Buchanan,5.8808,-10.0467,75.43,87,100,10.58,LR,light rain
358,Mwinilunga,-11.7358,24.4293,49.98,63,3,5.91,ZM,clear sky
359,Arraial Do Cabo,-22.9661,-42.0278,70.65,88,100,19.93,BR,overcast clouds
360,Nome,64.5011,-165.4064,63.16,55,0,11.5,US,clear sky
361,Mutsu,41.2894,141.2169,64.42,100,75,11.5,JP,light intensity shower rain
362,Prince Rupert,54.3161,-130.3201,60.49,91,0,8.05,CA,clear sky
363,Kashi,39.4547,75.9797,81.61,22,0,4.47,CN,clear sky
364,San Vicente,-26.6167,-54.1333,45.73,96,100,3.04,AR,overcast clouds
365,Ciego De Avila,21.84,-78.7619,75.97,93,99,5.91,CU,overcast clouds
366,Alofi,-19.0595,-169.9187,80.49,65,7,11.5,NU,clear sky
367,Hofn,64.2539,-15.2082,50.67,83,86,6.24,IS,overcast clouds
368,Qaqortoq,60.7167,-46.0333,41.11,82,26,3.91,GL,scattered clouds
369,Ati,13.2154,18.3353,77.95,75,97,5.66,TD,overcast clouds
370,Sao Filipe,14.8961,-24.4956,75.27,85,9,7.36,CV,clear sky
371,Yumen,40.2833,97.2,83.59,19,87,14.52,CN,overcast clouds
372,Cerritos,33.8583,-118.0648,83.95,84,75,9.22,US,broken clouds
373,Lasa,46.6166,10.7002,62.37,78,4,2.8,IT,clear sky
374,Rockland,41.1668,-74.0496,74.44,93,99,5.35,US,overcast clouds
375,Vardo,70.3705,31.1107,53.58,94,100,9.22,NO,overcast clouds
376,Camacupa,-12.0167,17.4833,49.96,58,3,5.1,AO,clear sky
377,Piedra Gorda,18.4341,-66.8877,79.23,94,16,5.99,PR,few clouds
378,Hoi An,15.8794,108.335,94.96,61,76,2.8,VN,broken clouds
379,Hamilton,39.1834,-84.5333,80.04,77,20,0.0,US,few clouds
380,Kampot,10.6167,104.1833,78.85,66,43,8.55,KH,scattered clouds
381,Arrifes,37.7667,-25.7,70.23,77,75,9.22,PT,broken clouds
382,Boguchany,58.3814,97.4531,72.03,43,52,6.11,RU,broken clouds
383,Pali,25.7667,73.3333,89.15,58,59,6.22,IN,broken clouds
384,Saint-Louis,16.3333,-15.0,74.52,75,2,15.73,SN,clear sky
385,Calabozo,8.9242,-67.4293,75.02,89,100,7.85,VE,overcast clouds
386,Todos Santos,23.45,-110.2167,85.05,90,7,3.24,MX,clear sky
387,Creel,27.75,-107.6333,59.22,73,100,1.81,MX,overcast clouds
388,Taltal,-25.4,-70.4833,55.76,59,0,4.12,CL,clear sky
389,Sterling,39.0062,-77.4286,73.42,92,100,11.99,US,overcast clouds
390,Alnashi,56.1874,52.4792,68.94,74,88,3.02,RU,overcast clouds
391,Mao,39.8885,4.2658,73.96,83,0,3.44,ES,clear sky
392,Centerville,39.6284,-84.1594,78.12,86,40,0.0,US,scattered clouds
393,Khuzhir,53.1939,107.3397,54.16,83,5,3.06,RU,clear sky
394,Ilhabela,-23.7781,-45.3581,74.25,59,100,5.93,BR,overcast clouds
395,Haines Junction,60.7522,-137.5108,58.95,51,100,5.75,CA,overcast clouds
396,Boyabat,41.4689,34.7667,68.18,76,58,3.76,TR,broken clouds
397,Oktyabrskiy,54.4815,53.471,70.66,72,85,1.45,RU,overcast clouds
398,Penzance,50.1186,-5.5371,63.28,80,17,17.05,GB,few clouds
399,Hrubieszow,50.805,23.8925,50.38,87,65,13.89,PL,broken clouds
400,Matagami,49.7502,-77.6328,64.51,77,100,6.91,CA,overcast clouds
401,West Plains,36.7281,-91.8524,88.63,45,40,4.61,US,scattered clouds
402,Tripoli,32.8752,13.1875,76.12,69,0,8.77,LY,clear sky
403,Nelson Bay,-32.7167,152.15,72.1,42,1,13.0,AU,clear sky
404,Marzuq,14.4,46.4667,82.08,42,79,4.56,YE,broken clouds
405,Sorong,-0.8833,131.25,82.35,78,100,7.25,ID,overcast clouds
406,Tiarei,-17.5333,-149.3333,80.01,74,36,23.94,PF,light rain
407,Vire,48.9167,-0.8333,56.59,57,100,5.32,FR,overcast clouds
408,Kolondieba,11.0882,-6.8926,72.61,95,99,3.89,ML,light rain
409,Port Elizabeth,-33.918,25.5701,61.09,44,0,5.75,ZA,clear sky
410,Talnakh,69.4865,88.3972,69.21,39,100,10.89,RU,overcast clouds
411,Tsilna,54.5953,48.1414,69.35,79,97,2.33,RU,overcast clouds
412,Cassilandia,-19.1133,-51.7342,73.18,49,100,3.8,BR,overcast clouds
413,Nhamunda,-2.1861,-56.7131,74.7,85,73,3.11,BR,broken clouds
414,Codrington,-38.2667,141.9667,50.34,73,95,21.92,AU,overcast clouds
415,Samandag,36.0842,35.9771,79.32,76,8,4.59,TR,clear sky
416,Shache,38.4167,77.2406,87.44,19,35,3.22,CN,scattered clouds
417,Kerur,16.0167,75.5667,74.84,81,100,15.23,IN,overcast clouds
418,Kaabong,3.4836,34.1492,60.15,84,50,6.73,UG,scattered clouds
419,Kestel,40.1983,29.2124,56.68,53,0,4.5,TR,clear sky
420,Conceicao Do Araguaia,-8.2578,-49.2647,72.59,44,1,3.18,BR,clear sky
421,Awbari,26.5921,12.7805,76.77,25,0,8.08,LY,clear sky
422,Zavyalovo,54.5053,82.4484,64.29,65,94,6.13,RU,overcast clouds
423,Zachary,30.6485,-91.1565,78.67,78,0,5.75,US,clear sky
424,Alekseyevsk,57.8406,108.3492,60.84,89,100,3.53,RU,light rain
425,Olafsvik,64.8945,-23.7142,50.68,89,100,4.32,IS,overcast clouds
426,Bunbury,-33.3333,115.6333,56.62,74,100,12.68,AU,overcast clouds
427,Ilorin,8.5,4.55,71.73,89,100,8.55,NG,overcast clouds
428,Sitka,57.0531,-135.33,57.09,82,75,5.75,US,broken clouds
429,Bahia De Caraquez,-0.6,-80.4167,69.98,86,99,5.66,EC,overcast clouds
430,Ilulissat,69.2167,-51.1,46.42,66,42,3.44,GL,scattered clouds
431,Thiruvananthapuram,8.4833,76.9167,84.18,74,40,6.91,IN,haze
432,Savannah Bight,16.45,-85.85,82.09,74,78,14.07,HN,broken clouds
433,Nouadhibou,20.931,-17.0347,67.98,94,75,25.32,MR,sand
434,Kulhudhuffushi,6.6221,73.07,81.97,79,75,10.09,MV,broken clouds
435,Fontenay-Le-Comte,46.5833,-1.0,69.44,35,26,10.13,FR,scattered clouds
436,Ponta Delgada,37.7333,-25.6667,72.5,77,75,9.22,PT,broken clouds
437,Tavda,58.0425,65.2726,68.13,77,100,5.75,RU,overcast clouds
438,Rosario,-32.9468,-60.6393,40.95,79,0,4.61,AR,clear sky
439,Zaprudnya,56.5667,37.4333,58.08,75,100,2.37,RU,overcast clouds
440,Shasta Lake,40.6804,-122.3708,99.32,24,0,3.11,US,clear sky
441,Grand Gaube,-20.0064,57.6608,70.2,74,20,5.99,MU,few clouds
442,Vung Tau,10.346,107.0843,84.13,74,49,10.33,VN,scattered clouds
443,Sumbe,-11.2061,13.8437,68.02,89,80,3.33,AO,broken clouds
444,Anadyr,64.75,177.4833,68.5,56,40,11.18,RU,scattered clouds
445,Poum,-20.2333,164.0167,73.76,62,84,21.63,NC,broken clouds
446,Whitehorse,60.7161,-135.0538,63.37,42,100,16.11,CA,overcast clouds
447,Amahai,-3.3333,128.9167,78.53,89,100,10.49,ID,light rain
448,Caimito,8.8123,-75.4107,77.76,96,89,7.11,CO,overcast clouds
449,Griffith,41.5284,-87.4237,71.53,92,75,9.22,US,broken clouds
450,Uthal,25.8072,66.6219,88.86,67,100,11.32,PK,overcast clouds
451,Atar,20.5169,-13.0499,89.15,17,3,0.89,MR,clear sky
452,Wewak,-3.5534,143.6268,83.68,77,87,9.6,PG,overcast clouds
453,Oakdale,44.963,-92.9649,77.9,74,0,3.44,US,clear sky
454,Bom Jesus,-9.0744,-44.3586,67.33,51,8,1.99,BR,clear sky
455,Bima,-8.4667,118.7167,87.64,56,29,6.71,ID,scattered clouds
456,Forestville,38.8451,-76.875,73.51,95,20,8.05,US,few clouds
457,Abu Dhabi,24.4667,54.3667,93.22,73,50,6.91,AE,scattered clouds
458,Ostrovnoy,68.0531,39.5131,60.21,77,9,12.59,RU,clear sky
459,Capaci,38.1711,13.2393,79.25,39,0,2.3,IT,clear sky
460,Vohibinany,-17.35,49.0333,64.18,97,94,4.54,MG,light rain
461,Ulaanbaatar,47.9077,106.8832,66.33,45,20,4.47,MN,few clouds
462,Upata,8.0086,-62.3989,73.18,98,100,3.09,VE,overcast clouds
463,Beloha,-25.1667,45.05,64.96,83,7,14.65,MG,clear sky
464,Ancud,-41.8697,-73.8203,46.22,87,100,13.06,CL,light rain
465,Capinota,-17.7167,-66.2333,60.26,73,7,2.28,BO,clear sky
466,Kahramanmaras,38.0,37.0,59.92,73,0,8.41,TR,clear sky
467,Gushikawa,26.3544,127.8686,89.6,79,75,16.11,JP,broken clouds
468,Guozhen,34.3659,107.359,84.85,43,100,4.83,CN,overcast clouds
469,Cartagena Del Chaira,1.3349,-74.8429,71.51,99,90,1.83,CO,overcast clouds
470,Kisangani,0.5167,25.2,70.23,95,99,2.59,CD,overcast clouds
471,Kambove,-10.8764,26.5969,50.88,62,2,6.44,CD,clear sky
472,Burayevo,55.8407,55.4083,69.46,77,89,3.29,RU,overcast clouds
473,Usinsk,65.9939,57.5281,69.19,78,100,5.39,RU,overcast clouds
474,Arona,28.0996,-16.681,68.7,80,20,5.75,ES,few clouds
475,Valparaiso,-33.0393,-71.6273,48.47,81,0,5.75,CL,clear sky
476,Ullal,12.8,74.85,79.75,89,75,3.44,IN,broken clouds
477,Aginskoye,51.1,114.53,65.37,72,100,11.12,RU,overcast clouds
478,Talas,38.6908,35.5538,59.67,72,40,5.75,TR,scattered clouds
479,Broken Hill,-31.95,141.4333,60.13,50,8,22.86,AU,clear sky
480,Pirogovo,56.7796,53.1495,69.66,81,29,2.39,RU,scattered clouds
481,Ballina,-28.8667,153.5667,72.01,47,0,10.04,AU,clear sky
482,Cukai,4.25,103.4167,86.0,70,100,7.18,MY,overcast clouds
483,Cairns,-16.9167,145.7667,79.11,67,40,13.8,AU,scattered clouds
484,Bambanglipuro,-7.95,110.2833,81.1,75,86,14.09,ID,overcast clouds
485,Ikorodu,6.6191,3.5041,75.58,87,99,9.98,NG,light rain
486,Flagstaff,35.1981,-111.6513,80.26,53,0,5.75,US,clear sky
487,Manzanillo,20.3433,-77.1167,77.34,84,47,3.38,CU,scattered clouds
488,Veraval,20.9,70.3667,82.87,82,69,18.23,IN,broken clouds
489,Cedar Mill,45.5248,-122.8109,71.15,61,40,11.5,US,scattered clouds
490,Saint Anthony,45.0205,-93.218,78.42,71,40,4.61,US,scattered clouds
491,Serebryansk,49.6925,83.2892,78.57,46,59,7.56,KZ,broken clouds
492,Tingo Maria,-9.2895,-76.0088,67.28,98,55,2.17,PE,broken clouds
493,San Patricio,28.017,-97.5169,84.88,75,0,10.96,US,clear sky
494,Coihaique,-45.5752,-72.0662,35.55,87,0,5.75,CL,clear sky
495,Cohoes,42.7742,-73.7001,74.39,78,58,1.01,US,broken clouds
496,Kirovskiy,45.0917,133.5136,76.17,63,99,8.41,RU,overcast clouds
497,Isiro,2.7739,27.616,65.12,99,95,1.59,CD,overcast clouds
498,Ustyuzhna,58.8394,36.4321,56.07,71,92,2.8,RU,overcast clouds
499,Zonguldak,41.25,31.8333,61.36,83,0,3.42,TR,clear sky
500,Padang,-0.9492,100.3543,84.25,60,43,4.43,ID,scattered clouds
501,Tabou,4.423,-7.3528,74.7,85,100,7.83,CI,overcast clouds
502,Husavik,66.0449,-17.3389,48.13,98,100,6.29,IS,overcast clouds
503,Muzhi,65.3667,64.6667,67.96,51,15,3.22,RU,few clouds
504,Bubaque,11.2833,-15.8333,80.28,85,79,14.58,GW,light rain
505,Stralsund,54.3091,13.0818,57.02,83,39,10.71,DE,scattered clouds
506,Naberera,-4.2,36.9333,56.21,82,100,8.93,TZ,overcast clouds
507,Parana,-31.732,-60.5238,40.51,87,2,5.86,AR,clear sky
508,Ambilobe,-13.2,49.05,65.17,76,1,3.67,MG,clear sky
509,Lokoja,7.8024,6.743,72.61,96,100,3.11,NG,overcast clouds
510,Russell,32.3502,-85.1999,80.2,94,0,0.0,US,clear sky
511,Caiaponia,-16.9567,-51.8103,66.85,50,47,1.86,BR,scattered clouds
512,Tucumcari,35.1717,-103.725,89.44,17,0,11.5,US,clear sky
513,Cauquenes,-35.9671,-72.3225,42.55,86,100,4.47,CL,overcast clouds
514,Presidencia Roque Saenz Pena,-26.7852,-60.4388,43.88,87,0,4.9,AR,clear sky
515,Sampit,-2.5333,112.95,71.89,96,100,3.31,ID,overcast clouds
516,Cody,44.5263,-109.0565,80.82,36,0,9.22,US,clear sky
517,Salym,60.0625,71.4789,67.57,49,21,7.09,RU,few clouds
518,Vakhrushev,48.9833,142.9667,55.45,90,100,3.65,RU,moderate rain
519,Angoche,-16.2325,39.9086,64.42,94,31,10.83,MZ,scattered clouds
520,Gizo,-8.103,156.8419,83.52,71,77,5.84,SB,light rain
521,Ormond Beach,29.2858,-81.0559,79.02,93,75,3.44,US,broken clouds
522,Krasnoselkup,65.7,82.4667,67.42,46,63,11.7,RU,broken clouds
523,Jalingo,8.8833,11.3667,71.92,96,100,4.16,NG,light rain
524,Zhigansk,66.7697,123.3711,59.9,63,84,15.48,RU,broken clouds
525,Williams Lake,52.1415,-122.1445,63.97,67,75,17.27,CA,broken clouds
526,Maarianhamina,60.0973,19.9348,55.26,71,20,9.22,AX,few clouds
527,Nantucket,41.2835,-70.0995,71.71,90,40,5.75,US,scattered clouds
528,Mangawan,24.6833,81.55,92.7,48,9,12.01,IN,clear sky
529,Orlik,52.5178,99.825,61.93,57,71,5.46,RU,light rain
530,Balykshi,47.0667,51.8667,82.4,30,0,13.42,KZ,clear sky
531,Bintulu,3.1667,113.0333,81.01,78,20,5.99,MY,few clouds
532,Anzio,41.4853,12.6179,74.86,67,0,5.3,IT,clear sky
533,Macroom,51.9,-8.95,61.14,94,100,4.16,IE,overcast clouds
534,Geilo,60.5333,8.2076,50.56,69,100,6.15,NO,overcast clouds
535,Avera,33.194,-82.5271,76.55,82,46,4.25,US,scattered clouds
536,Kimbe,-5.5502,150.1429,87.19,64,64,4.29,PG,light rain
537,Price,39.5994,-110.8107,85.26,21,0,5.75,US,clear sky
538,Sai Buri,6.7013,101.6168,87.51,67,33,2.21,TH,scattered clouds
539,Maine-Soroa,13.2114,12.0241,79.57,69,98,5.12,NE,light rain
540,Assiniboia,49.6334,-105.9845,80.42,29,0,1.14,CA,clear sky
541,Ducheng,23.2373,111.5317,89.56,71,94,4.23,CN,overcast clouds
542,Pahrump,36.2083,-115.9839,99.25,24,55,4.0,US,broken clouds
543,San Jose,37.3394,-121.895,78.94,59,20,10.36,US,few clouds
544,Dvurechensk,56.5982,61.0953,71.98,67,13,7.85,RU,few clouds
545,Baoro,5.6667,15.9667,67.3,98,100,3.0,CF,light rain
546,Wajima,37.4,136.9,83.08,74,75,6.91,JP,broken clouds
547,Mirnyy,62.5353,113.9611,59.23,76,100,8.99,RU,overcast clouds
548,Dabat,12.9842,37.765,53.87,87,100,1.41,ET,overcast clouds
549,Blytheville,35.9273,-89.919,85.93,62,0,5.75,US,clear sky
550,Bowen,-20.0167,148.2333,71.47,65,0,17.38,AU,clear sky
551,Jinka,5.65,36.65,63.46,69,93,3.11,ET,overcast clouds
552,Tashla,51.7716,52.7427,76.08,56,55,7.16,RU,broken clouds
553,Ayagoz,47.9714,80.4392,84.49,22,33,18.41,KZ,scattered clouds
554,Moron,-34.6534,-58.6198,43.97,79,6,7.58,AR,clear sky
555,Launceston,-41.45,147.1667,53.62,77,89,18.41,AU,overcast clouds
556,Kapuskasing,49.4169,-82.4331,68.09,82,20,5.75,CA,haze
557,Naze,28.3667,129.4833,79.72,80,100,14.03,JP,light rain
558,Salumbar,24.1333,74.05,80.58,83,99,7.61,IN,overcast clouds
559,Shimoda,34.6667,138.95,83.1,76,33,11.43,JP,scattered clouds
560,Zapolyarnyy,69.4154,30.8136,52.88,89,98,4.27,RU,overcast clouds
561,Doume,4.2333,13.45,67.15,99,100,2.86,CM,overcast clouds
562,Hit,33.6416,42.8251,88.57,29,0,16.15,IQ,clear sky
563,High Level,58.5169,-117.136,62.71,94,75,2.3,CA,broken clouds
564,Misratah,32.3754,15.0925,76.44,68,0,4.25,LY,clear sky
565,Kyrksaeterora,63.2906,9.0891,48.2,94,100,3.38,NO,overcast clouds
566,Pozo Colorado,-23.4923,-58.7972,51.55,83,100,4.74,PY,overcast clouds
567,Tynda,55.1667,124.7167,76.69,71,21,5.35,RU,light rain
568,Petatlan,17.5167,-101.2667,77.05,93,100,6.13,MX,overcast clouds
569,Portsmouth,50.799,-1.0913,64.96,90,46,1.99,GB,scattered clouds
570,Shetpe,44.1667,52.1167,94.62,19,0,12.15,KZ,clear sky
571,Victor Harbor,-35.5667,138.6167,53.67,85,38,1.01,AU,moderate rain
572,Port-Cartier,50.0334,-66.8654,58.68,96,72,2.82,CA,broken clouds
573,Luwuk,-0.9516,122.7875,83.46,73,100,7.14,ID,moderate rain
574,Soe,-9.8607,124.284,72.99,64,57,8.81,ID,broken clouds
575,Portland,45.5234,-122.6762,71.91,62,20,9.22,US,few clouds
576,Mae Ramat,16.984,98.5166,89.8,67,95,2.17,TH,overcast clouds
577,Butembo,0.15,29.2833,56.1,91,71,1.79,CD,broken clouds
578,Namibe,-15.1961,12.1522,68.38,69,0,7.76,AO,clear sky
579,Puerto Lopez,4.0845,-72.956,73.35,94,59,2.08,CO,broken clouds
580,Pinega,64.7001,43.3936,63.14,68,8,7.29,RU,clear sky
581,Abalak,58.1286,68.5944,67.93,65,67,7.94,RU,broken clouds
582,Agudos,-22.4692,-48.9875,68.14,64,100,3.67,BR,overcast clouds
583,Stokmarknes,68.5646,14.9108,48.18,93,75,4.61,NO,broken clouds
584,Comodoro Rivadavia,-45.8667,-67.5,39.06,65,0,4.61,AR,clear sky
585,Tazmalt,36.3868,4.3989,80.8,40,0,1.66,DZ,clear sky
586,The Valley,18.217,-63.0578,82.26,82,2,21.16,AI,clear sky
587,Pokhara,28.2333,83.9833,84.07,70,20,4.14,NP,few clouds
588,Eyl,7.9803,49.8164,79.47,54,92,31.76,SO,overcast clouds
589,Guanica,17.9716,-66.908,82.06,87,3,8.03,PR,clear sky
590,Half Moon Bay,37.4636,-122.4286,75.11,90,100,19.57,US,mist
591,Piacabucu,-10.4056,-36.4344,72.81,84,41,9.17,BR,scattered clouds
592,Emerald,-23.5333,148.1667,71.35,46,0,9.69,AU,clear sky
593,Ixtapa,20.7,-105.2,80.22,90,100,3.42,MX,overcast clouds
594,Kidal,18.4411,1.4078,84.02,54,100,8.43,ML,overcast clouds
595,Olinda,-8.0089,-34.8553,74.93,88,75,9.22,BR,broken clouds
596,Magnolia,33.2671,-93.2393,80.29,78,100,3.76,US,overcast clouds
597,Iquitos,-3.7481,-73.2472,73.44,100,20,2.3,PE,few clouds
598,Kresek,-6.1314,106.3797,88.11,72,97,3.83,ID,moderate rain
599,Saldanha,-33.0117,17.9442,59.05,63,0,14.32,ZA,clear sky
600,Concordia,-31.393,-58.0209,45.79,94,15,3.0,AR,few clouds
601,Trelew,-43.249,-65.3051,37.54,58,44,9.71,AR,scattered clouds
602,Dutse,11.7594,9.3392,73.36,83,100,9.46,NG,overcast clouds
603,Lansing,42.7325,-84.5555,71.51,91,99,5.86,US,overcast clouds
604,Aden,12.7794,45.0367,83.35,81,100,1.57,YE,overcast clouds
605,Oussouye,12.485,-16.5469,82.49,88,58,7.74,SN,broken clouds
606,Nuevo Progreso,23.1667,-97.95,79.54,88,88,5.23,MX,overcast clouds
607,Thies,14.8342,-17.1061,81.25,78,75,9.22,SN,broken clouds
608,Balikpapan,-1.2675,116.8289,81.59,74,20,5.75,ID,few clouds
609,San Carlos De Bariloche,-41.1456,-71.3082,36.25,87,75,17.27,AR,broken clouds
610,Dali,25.7,100.1833,77.04,61,100,4.9,CN,overcast clouds
611,Ambanja,-13.6833,48.45,65.88,75,24,3.74,MG,few clouds
612,Polonnaruwa,7.9333,81.0,90.48,48,100,13.06,LK,overcast clouds
613,Qeshm,26.9581,56.2719,91.27,69,71,1.83,IR,broken clouds
614,Bairiki,1.3292,172.9752,82.4,74,75,14.97,KI,moderate rain
615,Southbridge,42.0751,-72.0334,69.82,96,100,3.0,US,overcast clouds
616,Klaksvik,62.2266,-6.589,50.92,84,81,18.63,FO,broken clouds
617,Soyo,-6.1349,12.3689,69.96,92,70,7.61,AO,broken clouds
618,Warmbad,-28.45,18.7333,59.27,31,2,14.5,NA,clear sky
619,Tiznit,29.5833,-9.5,76.03,50,4,1.16,MA,clear sky
620,Camiri,-20.05,-63.5167,50.5,62,100,3.8,BO,overcast clouds
621,Aswan,24.0934,32.907,83.5,24,0,13.8,EG,clear sky
622,Binabalian,16.4202,119.9279,83.77,73,100,2.82,PH,overcast clouds
623,Muroto,33.2833,134.15,79.75,77,100,8.57,JP,light rain
624,Diffa,13.3154,12.6113,79.99,67,99,4.36,NE,light rain
625,Bathurst,-33.4166,149.5806,54.07,54,0,17.67,AU,clear sky
626,Campos Sales,-7.0744,-40.3761,66.72,81,5,8.68,BR,clear sky
627,Margate,51.3813,1.3862,61.7,77,97,4.0,GB,overcast clouds
628,Ulaangom,49.9811,92.0667,74.07,33,15,6.51,MN,few clouds
629,Kangaba,11.9333,-8.4167,70.36,92,100,2.93,ML,light rain
630,Koroni,36.8,21.95,81.07,54,0,11.03,GR,clear sky
631,Chekhov,55.1431,37.4711,57.15,78,100,2.42,RU,overcast clouds
632,Mweka,-4.85,21.5667,73.17,55,76,0.94,CD,broken clouds
633,Kibaya,-5.3,36.5667,50.83,95,91,4.27,TZ,overcast clouds
634,Surt,31.2089,16.5887,75.52,68,0,5.28,LY,clear sky
635,Clyde River,70.4692,-68.5914,32.23,100,100,13.8,CA,fog
636,Broadford,-37.2,145.0667,53.85,92,100,9.89,AU,light rain
637,Nichinan,31.6,131.3667,80.28,71,100,7.49,JP,overcast clouds
638,Kemin,42.7846,75.6892,85.05,19,0,2.8,KG,clear sky
639,Saurimo,-9.6608,20.3916,61.81,41,19,8.57,AO,few clouds
640,Prainha,-1.8,-53.48,73.54,88,41,2.37,BR,scattered clouds
641,Traverse City,44.7631,-85.6206,68.07,78,0,0.0,US,clear sky
642,Beringovskiy,63.05,179.3167,61.3,70,100,6.38,RU,light rain
643,Zhaotong,27.3167,103.7167,75.15,74,100,6.02,CN,overcast clouds
644,Amuntai,-2.4177,115.2494,77.23,87,100,4.5,ID,overcast clouds
645,Mamakan,57.8161,114.0028,63.43,86,100,2.42,RU,overcast clouds
646,Cap Malheureux,-19.9842,57.6142,69.48,73,18,7.0,MU,few clouds
647,Miri,4.4148,114.0089,80.74,83,40,1.14,MY,scattered clouds
648,Jiwani,25.05,61.7417,83.23,85,100,16.17,PK,overcast clouds
649,Daru,-9.0763,143.2092,79.83,73,64,11.23,PG,broken clouds
650,Agadez,19.75,10.25,82.76,47,54,8.72,NE,broken clouds
651,Conde,-7.2597,-34.9075,72.86,100,75,6.91,BR,broken clouds
652,Escalerillas,22.1333,-101.0667,60.67,63,20,9.22,MX,few clouds
653,Agirish,61.9247,63.0231,69.35,48,100,5.79,RU,overcast clouds
654,Coro,11.4045,-69.6734,78.39,87,69,12.53,VE,broken clouds
655,Barranca,-10.75,-77.7667,59.97,85,44,9.1,PE,scattered clouds
656,Omsukchan,62.5333,155.8,73.54,59,67,12.95,RU,light rain
657,Chiman,32.5463,73.8138,90.34,54,98,6.08,PK,light rain
658,Tutoia,-2.7619,-42.2744,77.54,89,21,7.52,BR,few clouds
659,Along,28.1667,94.7667,90.88,62,98,2.15,IN,overcast clouds
660,Dangriga,16.9692,-88.2321,80.29,78,100,6.4,BZ,overcast clouds
661,Vanimo,-2.6741,141.3028,79.48,89,100,4.18,PG,moderate rain
662,Arlit,18.7369,7.3853,84.54,45,16,5.3,NE,few clouds
663,Kiunga,-6.1219,141.2906,81.63,71,100,3.53,PG,overcast clouds
664,Touros,-5.1989,-35.4608,74.41,91,72,12.21,BR,broken clouds
665,Tigzirt,36.8886,4.1198,77.47,63,0,6.78,DZ,clear sky
666,Giyani,-23.3025,30.7187,58.78,83,97,6.22,ZA,light rain
667,Honiara,-9.4333,159.95,87.26,59,58,9.57,SB,broken clouds
668,Sananduva,-27.9497,-51.8067,47.62,92,100,11.3,BR,overcast clouds
669,Malanje,-9.5402,16.341,59.68,45,2,3.2,AO,clear sky
670,At-Bashi,41.1702,75.8106,70.16,33,0,2.19,KG,clear sky
671,Thinadhoo,0.5333,72.9333,81.77,80,67,11.41,MV,broken clouds
672,Maumere,-8.6199,122.2111,81.9,62,17,2.77,ID,few clouds
673,Canchungo,12.0672,-16.0333,78.15,92,61,5.17,GW,light rain
